regiao,age_ajusted_hospitalizations_p50_iqr,trend,seasonal_strength,peak,trough,kw_estimate,kw_pval
CO,"22.9 [18.5, 27.7]",0.7642396832128127,0.8179276856223129,5,2,50.12532216494844,5.942885802356912e-7
N,"21.8 [19, 25.6]",0.6209757545623421,0.7873430954653273,4,11,54.59471649484533,9.192255823187168e-8
NE,"6 [5.2, 7.1]",0.4938606697844319,0.7664008159777342,5,12,60.95940721649487,6.148125120120085e-9
S,"26 [21.1, 34]",0.5855801202809794,0.9184350932125797,7,2,80.29671391752578,1.2930767567809198e-12
SE,"15.2 [13.2, 18.8]",0.6968498116592119,0.8937018970126474,7,2,67.9771262886598,2.955893307898805e-10
